[
    {
        "action": "login",
        "username": "admin",
        "timestamp": "2025-11-20 03:16:36"
    },
    {
        "action": "add_user",
        "username": "admin",
        "added_user": "sjsh hahha",
        "timestamp": "2025-11-20 04:01:51"
    },
    {
        "action": "delete_user",
        "username": "admin",
        "deleted_user": "sjsh hahha",
        "timestamp": "2025-11-20 04:03:15"
    },
    {
        "action": "edit_user",
        "username": "admin",
        "edited_user": "Juliean Dela Cruz",
        "timestamp": "2025-11-20 04:15:42"
    },
    {
        "action": "login",
        "username": "admin",
        "timestamp": "2025-11-20 06:03:39"
    },
    {
        "action": "login",
        "username": "admin",
        "timestamp": "2025-11-23 16:43:27"
    },
    {
        "action": "edit_user",
        "username": "admin",
        "edited_user": "Juliean Dela Cruz",
        "timestamp": "2025-11-23 16:44:35"
    },
    {
        "action": "add_user",
        "username": "admin",
        "added_user": "Julie Dela Cruz",
        "timestamp": "2025-11-23 16:46:46"
    },
    {
        "action": "delete_user",
        "username": "admin",
        "deleted_user": "Julie Dela Cruz",
        "timestamp": "2025-11-23 16:46:57"
    }
]