[
    {
        "id": 1,
        "last_name": "Dela Cruz",
        "first_name": "Juliean",
        "middle_name": "Bansuelo",
        "age": "22",
        "date_of_birth": "2005-04-14",
        "sex": "Female",
        "status": "Single",
        "email": "delacruzjuliean_bsit@plmun.edu.ph",
        "number": "09123456789",
        "address": "Putatan, Muntinlupa City",
        "course": "BS Information Technology",
        "picture": "julie.jpg"
    },
    {
        "id": 2,
        "last_name": "Cabubas",
        "first_name": "Kim Bryan",
        "middle_name": "San",
        "age": 25,
        "date_of_birth": "2000-01-12",
        "sex": "Male",
        "status": "Single",
        "email": "cabubaskimbryan333@gmail.com",
        "number": "093920754888",
        "address": "Espeleta pantalan, Poblacion,Muntinlupa city",
        "course": "BS Information Technology",
        "picture": "kim.jpg"
    },
    {
        "id": 3,
        "last_name": "Barros",
        "first_name": "Elysa Nicole",
        "middle_name": "Valdez",
        "age": 20,
        "date_of_birth": "2005-06-28",
        "sex": "Female",
        "status": "Single",
        "email": "lysanicole@gmail.com",
        "number": "09196723190",
        "address": " Blk14 SHV Putatan, Muntinlupa city",
        "course": "BS Information Technology",
        "picture": "elysa.jpg"
    }
]